货主,入库单号,仓库,货品简称,创建人,入库原因,仓储单号,商家编码,条形码,货品编号,货品名称,分类名称,规格名称,品牌,数量,单价,箱数,绩效箱数,物流公司,物流单号,入库货位,批次,是否正品,审核时间,备注,单品备注,OMS单号,箱规,生产日期,保质期,有效期,货品重量（kg）,货品总重量（kg）,货品体积（cm³）,货品总体积（cm³）,货品箱体积（cm³）,箱规总体积（cm³）,单品标记
EA,RK2607010010,主仓库,(증정) 유쏘풀 핸드크림(#05 플로랄리아) (1g),최정민,借调入库,JTF202607010001,8809846781348,8809846781348,8809846781348,(赠品) YOUSSOFUL 护手霜(#05 Floralia) (1g),美妆个护,1ml,YOUSSOFUL,5000,无权限,1箱,1,无,,A04-36-03,,正品,2026-07-01 15:46:03,SCM 화주변경 요,,,5000/箱,0000-00-00 00:00:00,0,2028-12-22 00:00:00,0.003,15,0,0,0,0,无
EA,RK2607010010,主仓库,(증정) 유쏘풀 향수(#13 코코 하와이) (2ml) (#Ver.2),최정민,借调入库,JTF202607010001,8809846782208,8809846782208,8809846782208,(赠品) YOUSSOFUL 香水(#13 Coco hawaii) (2ml) (#Ver.2),美妆个护,2ml,YOUSSOFUL,256,无权限,1箱,1,无,,A05-04-03,,正品,2026-07-01 15:46:03,SCM 화주변경 요,,,256/箱,0000-00-00 00:00:00,0,2029-02-26 00:00:00,0.013,3.328,35,8960,0,8960,无
EA,RK2607010010,主仓库,(증정) 유쏘풀 향수(#24 엠포리아 코튼) (2ml) (#Ver.2),최정민,借调入库,JTF202607010001,8809846782307,8809846782307,8809846782307,(赠品) YOUSSOFUL 香水(#24 Emporia Cotton) (2ml) (#Ver.2),美妆个护,2ml,YOUSSOFUL,256,无权限,1箱,1,无,,A05-07-02,,正品,2026-07-01 15:46:03,SCM 화주변경 요,,,256/箱,0000-00-00 00:00:00,0,2029-02-26 00:00:00,0.013,3.328,35,8960,0,8960,无
BOX,RK2607020005,主仓库,슈엘로 리프팅 스크럽 워시 (250ml),박강민 ,采购入库,CG202607020005,8809794920134,8809794920134,8809794920134,Suelo 提拉身体磨砂沐浴乳 (250ml),美妆个护,250ml,Suelo,64,无权限,2箱,2,无,,B2-25-01,,正品,2026-07-02 10:52:06,발주No. 2026-07-01 -4 / BOX / CN CG20260702001,CN 2026-07-01 -4,OCG202607020005,32/箱,0000-00-00 00:00:00,0,2029-03-25 00:00:00,0.277,17.728,689,44096,0,44096,无
BOX,RK2607020005,主仓库,슈엘로 볼케이노 바디 피피씨 크림 (120ml) (#Ver.2),박강민 ,采购入库,CG202607020005,8809794920271,8809794920271,8809794920271,Suelo 火山身体PPC纤体刮痧霜 (120ml) (#Ver.2),美妆个护,120ml,Suelo,128,无权限,4箱,4,无,,B2-25-01,,正品,2026-07-02 10:52:06,발주No. 2026-07-01 -4 / BOX / CN CG20260702001,CN 2026-07-01 -4,OCG202607020005,32/箱,0000-00-00 00:00:00,0,2029-05-17 00:00:00,0.178,22.784,612,78336,0,78336,无
EA,RK2607020007,主仓库,(증정) 어바웃톤 퍼프 (1ea),박강민 ,未知入库,,880260106002,880260106002,880260106002,(赠品) ABOUT TONE 3D斜切美妆蛋 (1ea),美妆个护,1ea,MYCOMMERCE,272,无权限,272箱,1,无,,A04-10-03,,正品,2026-07-02 11:01:04,강남사무실 발송 272EA,,,1/箱,0000-00-00 00:00:00,0,2099-12-31 00:00:00,0,0,0,0,0,0,无
EA,RK2607020010,主仓库,플르부아 린넨스프레이(#슬로우 나이트) (170ml),최정민,借调入库,JTF202607020001,8800335541559,8800335541559,8800335541559,Pleuvoir 织物喷雾(#Slow Night) (170ml),美妆个护,170ml,Pleuvoir,30,无权限,1箱,1,无,,A03-32-02,,正品,2026-07-02 16:11:02,SCM 화준 변경 요청,기타,,30/箱,0000-00-00 00:00:00,0,2029-06-01 00:00:00,0.236,7.08,598,17940,0,17940,无
EA,RK2607030004,主仓库,플르부아 바디로션(#히노키레더) (250ml),최정민,借调入库,JTF202607030001,8809681242318,8809681242318,8809681242318,Pleuvoir 身体乳(#Hinoki Leather) (250ml),美妆个护,250ml,Pleuvoir,20,无权限,1箱,1,无,,A05-04-02,,正品,2026-07-03 13:46:10,SCM 화주 변경 요,,,20/箱,0000-00-00 00:00:00,0,2028-09-23 00:00:00,0.31,6.2,585,11700,0,11700,无
BOX,RK2607030006,主仓库,(증정) 유쏘풀 향수(#07 세인트 모리츠) (2ml) (#Ver.2),박강민 ,采购入库,CG202607030004,8809846781829,8809846781829,8809846781829,(赠品) YOUSSOFUL 香水(#07 Saint Moritz) (2ml) (#Ver.2),美妆个护,2ml,YOUSSOFUL,19968,无权限,78箱,78,无,,B2-25-01,,正品,2026-07-03 14:17:26,발주No. 2026-07-01 -1 / BOX / DY CG20260701001,DY 2026-07-01 -1,OCG202607030004,256/箱,0000-00-00 00:00:00,0,2029-05-25 00:00:00,0.013,259.584,35,698880,0,698880,无
BOX,RK2607030006,主仓库,(증정) 유쏘풀 향수(#03 베리섹시) (2ml) (#Ver.2),박강민 ,采购入库,CG202607030004,8809846781836,8809846781836,8809846781836,(赠品) YOUSSOFUL 香水(#03 Berry Sexy) (2ml) (#Ver.2),美妆个护,2ml,YOUSSOFUL,19968,无权限,78箱,78,无,,B2-25-01,,正品,2026-07-03 14:17:26,발주No. 2026-07-01 -1 / BOX / DY CG20260701001,DY 2026-07-01 -1,OCG202607030004,256/箱,0000-00-00 00:00:00,0,2029-06-17 00:00:00,0.013,259.584,35,698880,0,698880,无
BOX,RK2607030006,主仓库,유쏘풀 향수(#16 베리 느와르) (50ml),박강민 ,采购入库,CG202607030004,8809846780402,8809846780402,8809846780402,YOUSSOFUL 香水(#16 Berry noir) (50ml),美妆个护,50ml,YOUSSOFUL,64,无权限,1箱,1,无,,B2-25-01,,正品,2026-07-03 14:17:26,발주No. 2026-07-01 -1 / BOX / DY CG20260701001,DY 2026-07-01 -1,OCG202607030004,64/箱,0000-00-00 00:00:00,0,2029-05-10 00:00:00,0.182,11.648,225,14400,0,14400,无
BOX,RK2607030006,主仓库,유쏘풀 향수(#14 비오베) (50ml),박강민 ,采购入库,CG202607030004,8809846780921,8809846780921,8809846780921,YOUSSOFUL 香水(#14 Biove) (50ml),美妆个护,50ml,YOUSSOFUL,64,无权限,1箱,1,无,,B2-25-01,,正品,2026-07-03 14:17:26,발주No. 2026-07-01 -1 / BOX / DY CG20260701001,DY 2026-07-01 -1,OCG202607030004,64/箱,0000-00-00 00:00:00,0,2029-03-10 00:00:00,0.182,11.648,225,14400,0,14400,无
BOX,RK2607030006,主仓库,유쏘풀 향수(#03 베리섹시) (50ml),박강민 ,采购入库,CG202607030004,8809846780129,8809846780129,8809846780129,YOUSSOFUL 香水(#03 Berry Sexy) (50ml),美妆个护,50ml,YOUSSOFUL,448,无权限,7箱,7,无,,B2-25-01,,正品,2026-07-03 14:17:26,발주No. 2026-07-01 -1 / BOX / DY CG20260701001,DY 2026-07-01 -1,OCG202607030004,64/箱,0000-00-00 00:00:00,0,2029-02-10 00:00:00,0.182,81.536,225,100800,0,100800,无
BOX,RK2607030006,主仓库,유쏘풀 향수(#07 세인트 모리츠) (50ml),박강민 ,采购入库,CG202607030004,8809846780198,8809846780198,8809846780198,YOUSSOFUL 香水(#07 Saint moritz) (50ml),美妆个护,50ml,YOUSSOFUL,9984,无权限,156箱,156,无,,B2-25-01,,正品,2026-07-03 14:17:26,발주No. 2026-07-01 -1 / BOX / DY CG20260701001,DY 2026-07-01 -1,OCG202607030004,64/箱,0000-00-00 00:00:00,0,2029-06-10 00:00:00,0.182,1817.088,225,2246400,0,2246400,无
BOX,RK2607030006,主仓库,유쏘풀 향수(#06 스타레 므네스토) (50ml),박강민 ,采购入库,CG202607030004,8809846780167,8809846780167,8809846780167,YOUSSOFUL 香水(#06 Stare mesto) (50ml),美妆个护,50ml,YOUSSOFUL,512,无权限,8箱,8,无,,B2-25-01,,正品,2026-07-03 14:17:26,발주No. 2026-07-01 -1 / BOX / DY CG20260701001,DY 2026-07-01 -1,OCG202607030004,64/箱,0000-00-00 00:00:00,0,2029-04-10 00:00:00,0.182,93.184,225,115200,0,115200,无
EA,RK2607030007,主仓库,땡큐파머 강화 교동쌀 맑음 밀키 클렌징 오일 (200ml),박강민 ,采购入库,CG202607030006,8809454983493,8809454983493,8809454983493,THANK YOU FARMER 江华郡校洞米净透润白卸妆油 (200ml),美妆个护,200ml,THANK YOU FARMER,32,无权限,1箱,1,无,,A02-05-01,,正品,2026-07-03 14:31:00,발주No. 2026-07-01 -5 / EA / SM  追加:CJ대한통운 /  502046923480 CG20260702002,SM 2026-07-01 -5,OCG202607030006,32/箱,0000-00-00 00:00:00,0,2029-06-23 00:00:00,0.237,7.584,506,16192,0,16192,无
EA,RK2607030008,主仓库,플르부아 바디클렌저(#히노키레더) (250ml),최정민,借调入库,JTF202607030002,8809681242325,8809681242325,8809681242325,Pleuvoir 沐浴露(#Hinoki Leather) (250ml),美妆个护,250ml,Pleuvoir,40,无权限,2箱,2,无,,A05-03-02,,正品,2026-07-03 15:43:18,SCM 화주 변경 요청,,,20/箱,0000-00-00 00:00:00,0,2028-12-10 00:00:00,0.325,13,585,23400,0,23400,无
EA,RK2607030008,主仓库,플르부아 바디로션(#플로럴머스크) (250ml),최정민,借调入库,JTF202607030002,8809681241144,8809681241144,8809681241144,Pleuvoir 身体乳(#Floral Musk) (250ml),美妆个护,250ml,Pleuvoir,40,无权限,2箱,2,无,,A05-04-01,,正品,2026-07-03 15:43:18,SCM 화주 변경 요청,,,20/箱,0000-00-00 00:00:00,0,2028-12-03 00:00:00,0.31,12.4,585,23400,0,23400,无
EA,RK2607030008,主仓库,플르부아 바디로션(#히노키레더) (250ml),최정민,借调入库,JTF202607030002,8809681242318,8809681242318,8809681242318,Pleuvoir 身体乳(#Hinoki Leather) (250ml),美妆个护,250ml,Pleuvoir,40,无权限,2箱,2,无,,A05-04-02,,正品,2026-07-03 15:43:18,SCM 화주 변경 요청,,,20/箱,0000-00-00 00:00:00,0,2028-09-23 00:00:00,0.31,12.4,585,23400,0,23400,无
EA,RK2607030008,主仓库,플르부아 디퓨저(#히노끼레더) (200ml),최정민,借调入库,JTF202607030002,8809681245388,8809681245388,8809681245388,Pleuvoir 香薰(#Hinoki Leather) (200ml),无,200ml,Pleuvoir,27,无权限,1箱,1,无,,A05-33-02,,正品,2026-07-03 15:43:18,SCM 화주 변경 요청,,,27/箱,0000-00-00 00:00:00,0,2028-01-31 00:00:00,0.316,8.532,1124,30348,0,30348,无
EA,RK2607030008,主仓库,플르부아 바디로션(#테이크 미 홈) (250ml),최정민,借调入库,JTF202607030002,8809681247054,8809681247054,8809681247054,Pleuvoir 身体乳(#Take Me Home) (250ml),美妆个护,250ml,Pleuvoir,20,无权限,1箱,1,无,,A05-14-01,,正品,2026-07-03 15:43:18,SCM 화주 변경 요청,,,20/箱,0000-00-00 00:00:00,0,2028-09-18 00:00:00,0.304,6.08,512,10240,0,10240,无
EA,RK2607030008,主仓库,플르부아 핸드선스크린(#퍼스트 메모리) (30ml),최정민,借调入库,JTF202607030002,8800335541900,8800335541900,8800335541900,Pleuvoir 护手防晒霜(#First Memory) (30ml),美妆个护,30ml,Pleuvoir,100,无权限,1箱,1,无,,A05-01-03,,正品,2026-07-03 15:43:18,SCM 화주 변경 요청,,,100/箱,0000-00-00 00:00:00,0,2028-11-27 00:00:00,0.046,4.6,127,12700,0,12700,无
BOX,RK2607060011,主仓库,플르부아 디퓨저(#로즈우드) (200ml),권오성,采购入库,CG202606300006,8809681245371,8809681245371,8809681245371,Pleuvoir 香薰(#Rose Wood) (200ml),无,200ml,Pleuvoir,81,无权限,3箱,3,无,,B1-06-01,,正品,2026-07-06 13:32:26,발주No. 2026-06-12 -6 / BOX / MC CG20260626003,MC 2026-06-12 -6,OCG202606300006,27/箱,0000-00-00 00:00:00,0,2029-01-31 00:00:00,0.315,25.515,1124,91044,0,91044,无
EA,RK2607060012,主仓库,플르부아 린넨스프레이(#슬로우 나이트) (170ml),박강민 ,采购入库,CG202607060011,8800335541559,8800335541559,8800335541559,Pleuvoir 织物喷雾(#Slow Night) (170ml),美妆个护,170ml,Pleuvoir,240,无权限,8箱,8,无,,A03-32-02,,正品,2026-07-06 13:39:11,발주No. 2026-07-02 -1 / EA / SM CG20260702004,CN 2026-07-02 -1,OCG202607060011,30/箱,0000-00-00 00:00:00,0,2029-05-31 00:00:00,0.236,56.64,598,143520,0,143520,无
BOX,RK2607060013,主仓库,플르부아 하트 키링 새니타이저(#그린 플로럴) (30ml),권오성,采购入库,CG202607060012,8800335541856,8800335541856,8800335541856,Pleuvoir 心形钥扣免洗洗手液(#Green Floral) (30ml),美妆个护,30ml,Pleuvoir,1000,无权限,10箱,10,无,,B2-02-03,,正品,2026-07-06 13:59:08,발주No. 2026-07-02 -1 / BOX / CN CG20260702003,CN 2026-07-02 -1,OCG202607060012,100/箱,0000-00-00 00:00:00,0,2029-01-13 00:00:00,0.042,42,105,105000,0,105000,无
BOX,RK2607060018,主仓库,플르부아 린넨스프레이(#슬로우 나이트) (170ml),박강민 ,采购入库,CG202607060012,8800335541559,8800335541559,8800335541559,Pleuvoir 织物喷雾(#Slow Night) (170ml),美妆个护,170ml,Pleuvoir,810,无权限,27箱,27,无,,B2-19-01,,正品,2026-07-06 15:00:10,발주No. 2026-07-02 -1 / BOX / CN CG20260702003,CN 2026-07-02 -1,OCG202607060012,30/箱,0000-00-00 00:00:00,0,2029-05-31 00:00:00,0.236,191.16,598,484380,0,484380,无
BOX,RK2607060019,主仓库,플르부아 린넨스프레이(#슬로우 나이트) (170ml),박강민 ,采购入库,CG202607060009,8800335541559,8800335541559,8800335541559,Pleuvoir 织物喷雾(#Slow Night) (170ml),美妆个护,170ml,Pleuvoir,1050,无权限,35箱,35,无,,B2-16-01,,正品,2026-07-06 15:15:22,발주No. 2026-07-03 -1 / BOX / CN CG20260706001,CN 2026-07-03 -1,OCG202607060009,30/箱,0000-00-00 00:00:00,0,2029-05-31 00:00:00,0.236,247.8,598,627900,0,627900,无
EA,RK2607070004,主仓库,플르부아 핸드선스크린(#퍼스트 메모리) (30ml),최정민,借调入库,JTF202607070001,8800335541900,8800335541900,8800335541900,Pleuvoir 护手防晒霜(#First Memory) (30ml),美妆个护,30ml,Pleuvoir,100,无权限,1箱,1,无,,A05-01-03,,正品,2026-07-07 14:14:24,SCM 화주 변경 요청,기타,,100/箱,0000-00-00 00:00:00,0,2028-11-27 00:00:00,0.046,4.6,127,12700,0,12700,无
EA,RK2607070005,主仓库,(증정) 슈바넨가르텐 글로우업 마스크 (1ea),박강민 ,采购入库,CG202607070006,8809623600374,8809623600374,8809623600374,(赠品) Schwanen garten 焕亮面膜 (1ea),美妆个护,1ea,Schwanen Garten,392,无权限,392箱,1,无,,A05-27-03,,正品,2026-07-07 15:34:12,2026-06-15 -9 / 선무 증정품 추가입고 CG202607060001,,OCG202607070006,1/箱,0000-00-00 00:00:00,0,2029-06-03 00:00:00,0.022,8.624,22,8624,0,8624,无
BOX,RK2607070006,主仓库,모에브 아누카틴 샴푸 (525ml),박강민 ,采购入库,CG202607070005,8809494587057,8809494587057,8809494587057,MOEV Annurcatin™ 洗发水 (525ml),美妆个护,525ml,MOEV,60,无权限,3箱,3,无,,B2-25-01,,正品,2026-07-07 16:09:31,발주No. 2026-07-01 -3 / BOX / CN CG20260701002,CN 2026-07-01 -3,OCG202607070005,20/箱,0000-00-00 00:00:00,0,2029-06-18 00:00:00,0.62,37.2,1002,60120,0,60120,无
BOX,RK2607070006,主仓库,모에브 아누카틴 헤어 오일 에센스 (80ml) (#Ver.2),박강민 ,采购入库,CG202607070005,8809918991347,8809918991347,8809918991347,MOEV Annurcatin™ 护发精油 (80ml) (#Ver.2),美妆个护,80ml,MOEV,240,无权限,6箱,6,无,,B2-25-01,,正品,2026-07-07 16:09:31,발주No. 2026-07-01 -3 / BOX / CN CG20260701002,CN 2026-07-01 -3,OCG202607070005,40/箱,0000-00-00 00:00:00,0,2029-06-18 00:00:00,0.155,37.2,302,72480,0,72480,无
BOX,RK2607070006,主仓库,모에브 아누카틴 트리트먼트 (200ml) (#Ver.2),박강민 ,采购入库,CG202607070005,8809494587064,8809494587064,8809494587064,MOEV Annurcatin™ 护发素 (200ml) (#Ver.2),美妆个护,200ml,MOEV,48,无权限,1箱,1,无,,B2-25-01,,正品,2026-07-07 16:09:31,발주No. 2026-07-01 -3 / BOX / CN CG20260701002,CN 2026-07-01 -3,OCG202607070005,48/箱,0000-00-00 00:00:00,0,2029-06-04 00:00:00,0.25,12,611,29328,0,29328,无
BOX,RK2607070006,主仓库,모에브 아누카틴 샴푸 (300ml) (#Ver.2),박강민 ,采购入库,CG202607070005,8809494587040,8809494587040,8809494587040,MOEV Annurcatin™ 洗发水 (300ml) (#Ver.2),美妆个护,300ml,MOEV,70,无权限,2箱,2,无,,B2-25-01,,正品,2026-07-07 16:09:31,발주No. 2026-07-01 -3 / BOX / CN CG20260701002,CN 2026-07-01 -3,OCG202607070005,35/箱,0000-00-00 00:00:00,0,2029-05-20 00:00:00,0.38,26.6,649,45430,0,45430,无
BOX,RK2607070007,主仓库,모에브 아누카틴 샴푸 (300ml) (#Ver.2),박강민 ,采购入库,CG202607070005,8809494587040,8809494587040,8809494587040,MOEV Annurcatin™ 洗发水 (300ml) (#Ver.2),美妆个护,300ml,MOEV,35,无权限,1箱,1,无,,B2-25-01,,正品,2026-07-07 16:10:11,발주No. 2026-07-01 -3 / BOX / CN CG20260701002,CN 2026-07-01 -3,OCG202607070005,35/箱,0000-00-00 00:00:00,0,2029-05-12 00:00:00,0.38,13.3,649,22715,0,22715,无
BOX,RK2607070008,主仓库,(증정) 모에브 아누카틴 트리트먼트 (8ml),박강민 ,采购入库,CG202607070004,8809494587255,8809494587255,8809494587255,(赠品) MOEV Annurcatin™ 护发素 (8ml),美妆个护,8ml,MOEV,800,无权限,1箱,1,无,,B2-25-01,,正品,2026-07-07 16:11:11,발주No. 2026-07-01 -3 / BOX / MC CG20260701003,MC 2026-07-01 -3,OCG202607070004,800/箱,0000-00-00 00:00:00,0,2028-08-06 00:00:00,0,0,0,0,0,0,无
BOX,RK2607070008,主仓库,(증정) 모에브 아누카틴 샴푸 (8ml),박강민 ,采购入库,CG202607070004,8809494587248,8809494587248,8809494587248,(赠品) MOEV Annurcatin™ 洗发水 (8ml),美妆个护,8ml,MOEV,800,无权限,1箱,1,无,,B2-25-01,,正品,2026-07-07 16:11:11,발주No. 2026-07-01 -3 / BOX / MC CG20260701003,MC 2026-07-01 -3,OCG202607070004,800/箱,0000-00-00 00:00:00,0,2028-10-13 00:00:00,0,0,0,0,0,0,无
